,attorney_id,name,profile_url,address_1,address_2,city,state,zip,country,about_descriptions,website_url,telephone_number
0,1,Leroy Maxwell Jr,https://www.avvo.com/attorneys/35203-al-leroy-maxwell-4469578.html#about,"Maxwell + Tillman2326 2nd Ave NBirmingham, AL, 35203  Office (205) 216-3304 ",,Birmingham,AL,35203,United States,"Do you need your criminal charges dismissed? Wrongfully incarcerated? Maxwell can help! Leroy has focused his practice on Appellate Litigation, Personal Injury, Civil Rights, and Criminal Defense. Prior to founding Maxwell Tillman, Leroy was a senior civil litigator and criminal defense trial lawyer at one of Birmingham's top firms. Leroy also worked as a Fellow with the Equal Justice Initiative (EJI), based in Montgomery, Alabama, where he assisted EJI in all areas of Appellate Litigation. In addition, Leroy provided legal assistance to the poor and addressed problems caused by unfair criminal justice policies through education, community outreach efforts, litigation, and policy reform. Recently, Leroy was an instrumental member of the legal team who won two landmark United States Supreme Court victories in Jackson v. Hobbs and Miller v. Alabama.
Leroy has also won Millions of dollars for personal injury and Civil Rights clients,
Leroy has experience in both state and federal court, both in and outside of Alabama. He received his undergraduate degree from Purdue University and his law degree from Valparaiso University School of Law. Outside of work, Leroy enjoys watching Alabama football and spending time with his family.
Education  J.D., Valparaiso University School of Law
M.S., Valparaiso University(cum laude)
B.A., Purdue University
Awards  Birmingham Magazine Top Attorneys (Civil Litigation), 2015, 2017, 2018, 2020
Birmingham Magazine Top Attorneys (Appellate) 2014, 2015, 2016, 2017 , 2018
Birmingham Magazine Top Attorneys (Criminal) 2016, 2017, 2018 , 2020
Birmingham Magazine Top Attorneys (Personal Injury) 2016, 2017 , 2020
40 under 40 Top Black Trial Lawyers 2015, 2016, 2017, 2018, 2020
  The American Society of Legal Advocates 40 under 40 Top 2016, 2017, 2018",http://mxlawfirm.com/,(205) 791-5725
1,2,John Douglas Lloyd,https://www.avvo.com/attorneys/35205-al-john-lloyd-4315117.html#about,"Law Office of J.D. Lloyd, LLC2151 Highland Ave. S., Suite 310One Highland PlaceBirmingham, AL, 35205  Office  (866) 971-1765 ","The Law Office of J.D. Lloyd(Mailing Address)PO Box 43945Birmingham, AL, 35243  Office  (866) 971-1765 ",Birmingham,AL,35205,United States,"Helping folks continue their fight for justice after the trial. My name is J.D. Lloyd and I help folks convicted of crimes continue their fight for justice after the trial. Whether it's through filing an appeal or post-conviction petition for relief, I make sure my clients know there's still hope after the trial.",http://www.afterthetrial.com/, (866) 971-1765
2,3,Matthew Aaron Bailey,https://www.avvo.com/attorneys/35201-al-matthew-bailey-4714417.html#about,"The Law Office of Matthew A. BaileyP.O. Box 1182Birmingham, AL, 35201",,Birmingham,AL,35201,United States,"Matthew Bailey handles Federal and State criminal charges as well as criminal and civil appeals. He also represents individuals in State parole hearings, expungements, and all forms of post-trial filings across Alabama. He has sucesses in the courtroom and on appeal as well as in getting clients released on parole. Mr. Bailey graduated from the University of Alabama School of Law, after receiving a Certificate in Public Interest Law, Order of Samaritan Award, Dean’s Community Service Award, and admission to the Bench and Bar Legal Honor Society. During law school, Mr. Bailey worked as a research assistant that focused on Constitutional Law issues and interned at the Community Law Office - Jefferson County Public Defender’s Office.Mr. Bailey believes his passion and education make him a strong advocate for all his clients, and he is excited to bring his expertise and skills to work long-term for the benefit of all of his clients.",,
3,4,Abbott Marie Jones,https://www.avvo.com/attorneys/35203-al-abbott-jones-1911808.html#about,"Christian & Small LLP505 20th Street NorthSuite 1800Birmingham, AL, 35203",,Birmingham,AL,35203,United States,"
",,
4,5,William Lee Pfeifer Jr,https://www.avvo.com/attorneys/35243-al-william-pfeifer-2793747.html#about,"Pfeifer LLCOne Perimeter Park SouthSuite 100NBirmingham, AL, 35243",,Birmingham,AL,35243,United States," I am an appellate attorney, trial lawyer, law practice management consultant, freelance writer, husband, and father. My law practice website is located at http://williampfeifer.com, where I provide information about issues related to Alabama law. For several years I was the Law Practice Management Guide for About.com (http://law.about.com), which is owned by the New York Times Company. I also write for a variety of other websites and publications, and I have published articles in publications produced by the Alabama State Bar, the Alabama Criminal Defense Lawyers Association, and the American Bar Association. However, most of my time is devoted to the practice of appellate law in Alabama.",,
5,6,Lisa Marie Ivey,https://www.avvo.com/attorneys/35504-al-lisa-ivey-4320861.html#about,"301 N Walston Bridge Rd Ste 100Jasper, AL, 35504-8645",,Jasper,AL,,United States," I am an attorney born and raised in Jasper, Alabama. My practice focuses on appellate law,criminal law, personal injury, and legal research and writing.    My staff consists of my office cat, Ellie, who is very shy but sweet with my clients. I am an advocate for diabetes prevention and cure, and enjoy photography, classic cars, and tennis in my spare time.",,
6,7,Lisa Bumpers Deen,https://www.avvo.com/attorneys/36602-al-lisa-deen-4319307.html#about,"P.O. Box 2705Mobile, AL, 36652","Deen Law, P.C.207 Church StreetMobile, AL, 36602",Mobile,AL,,United States," Criminal defense   criminal appeals attorney in Mobile, AL.    ",,
7,8,Lisa Bumpers Deen,https://www.avvo.com/attorneys/36602-al-lisa-deen-4319307.html#about,"P.O. Box 2705Mobile, AL, 36652","Deen Law, P.C.207 Church StreetMobile, AL, 36602",Mobile,AL,,United States," Criminal defense   criminal appeals attorney in Mobile, AL.    ",,
8,9,James Blair Newman,https://www.avvo.com/attorneys/36602-al-james-newman-3560618.html#about,"Helmsing, Leach, Herlong, Newman & Rouse PC150 Government StreetSuite 2000Mobile, AL, 36602",,Mobile,AL,36602,United States," 
  
  
  
",,
9,10,Nancy Linn Eady,https://www.avvo.com/attorneys/35011-al-nancy-eady-4310502.html#about,"Morris Haynes Hornsby Wheeles & Knowles, LLP3500 Colonnade ParkwaySuite 100Birmingham, AL, 35243","Morris Haynes Hornsby Wheeles & Knowles, LLP131 Main StreetPo Box 1660Alexander City, AL, 35011-1660",Birmingham,AL,35243,United States," 
  
  
  
",,
10,11,William Keith Bradford,https://www.avvo.com/attorneys/36602-al-william-bradford-3561546.html#about,"BRADFORD LADNER LLP - BIRMINGHAM OFFICE1330 21st Way SouthSuite 120Birmingham, AL, 35205","BRADFORD LADNER, LLP - MOBILE OFFICE160 St. Emanuel StreetMobile, AL, 36602",Birmingham,AL,35205,United States," I am a partner at Bradford Ladner, LLP. My practice is focused on criminal trials and appeals in state and federal court. I handle all forms of appeals, criminal and civil, state and federal. I also represent clients in post-convictions Rule 32 Petitions in Alabama courts and §2255 Petitions in Federal court.   We have offices in Birmingham and Mobile and cover the entire state.   I have been in practice for over 27 years.We have offices in Birmingham and Mobile, Alabama. We handle cases in all Alabama counties throughout the state as well as federal cases in Alabama and elsewere.   We have considerable experience handling drug charges, drug trafficking charges, drug distribution, firearm charges, violent crimes, theft charges, among others. ",,
11,12,Jay Daniel St. Clair,https://www.avvo.com/attorneys/35203-al-jay-stclair-4317342.html#about,"Littler Mendelson, PC420 20th St. N.Suite 2300Birmingham, AL, 35203-3204",,Birmingham,AL,,United States,,,
12,13,Aimee Cobb Smith,https://www.avvo.com/attorneys/36104-al-aimee-smith-4321604.html#about,"Law Offices of Aimee C. Smith22 Scott StMontgomery, AL, 36104-4012",,Montgomery,AL,,United States,,,
13,14,Deborah Alley Smith,https://www.avvo.com/attorneys/35203-al-deborah-smith-4316035.html#about,"Christian & Small, LLP505 20th St N Ste 1800Birmingham, AL, 35203-4633",,Birmingham,AL,,United States," I am an appellate lawyer with 25+ years of experience handling appeals in state and federal appellate courts, as well post judgment proceedings and critical motions. I serve as the head of Christian   Small's Appellate, Post-Verdict and Briefing practice group and as the managing partner of the Firm. I am a nonstop advocate for my clients, for my community and for my colleagues. 
 
 
 To the extent that this Profile may be considered attorney advertising, the following is required by Alabama Rule of Professional Conduct 7.2: No representation is made that the quality of the legal services to be performed is greater than the quality of legal services performed by other lawyers.
",,
14,15,Albert Danner Frazer Jr.,https://www.avvo.com/attorneys/36602-al-albert-frazer-4308650.html#about,"Frazer, Greene, Upchurch & Baker104 Saint Francis StreetSuite 800Mobile, AL, 36602",,Mobile,AL,36602,United States,,,
15,16,Angela Louise Walker,https://www.avvo.com/attorneys/36535-al-angela-walker-4313592.html#about,"The Law Offices of Angela Walker307 S Mckenzie StSuite 106Foley, AL, 36535-1947",,Foley,AL,,United States," 
  
  
  
",,
16,17,James Robert Seale,https://www.avvo.com/attorneys/36101-al-james-seale-4322534.html#about,"Hill Hill Carter Franco Cole & Black425 South Perry StreetMontgomery, AL, 36101-0116","Po Box 116Montgomery, AL, 36101-0116",Montgomery,AL,,United States,,,
17,18,Randall Wayne Nichols,https://www.avvo.com/attorneys/35235-al-randall-nichols-4319451.html#about,"Massey Stotser & Nichols, PC1780 Gadsden HwyBirmingham, AL, 35235-3106",,Birmingham,AL,,United States," Prenuptial Agreements, Settlement Agreements, Trials
  Family Law
  Family Law Trial and Appellate
",,
18,19,Barbara J. Wells,https://www.avvo.com/attorneys/36104-al-barbara-wells-1112604.html#about,"Capell & Howard P.C. Attorneys At Law150 South Perry StreetMontgomery, AL, 36104","Capell & Howard P.C. Attorneys At LawPost Office Box 2069Montgomery, AL, 36102",Montgomery,AL,36104,United States," I am an attorney with extensive experience in civil litigation, including trial and appellate work in state and federal court. I have a special interest in employment law, including crafting solutions for human resources challenges and constructing winning defenses in employment litigation. Through vigorous, but ethical, advocacy, I have earned the respect of my peers. I am dedicated to my clients' interests and responsive to their needs. I am privileged to practice with an excellent group of attorneys, who share those values and who actively engage in the community. We serve both private sector and public sector clients. We know our community and the key players in it. 

 DISCLAIMER: This material may be considered attorney advertising under certain rules of professional attorney conduct. No representation is made that the quality of the legal services to be performed is greater than the quality of legal services performed by other lawyers.",,
19,20,Yashiba Glenn Blanchard,https://www.avvo.com/attorneys/35203-al-yashiba-blanchard-4637155.html#about,"The Office of Yashiba Glenn- Blanchard, LLC.2100 1st Avenue North Ste 470Birmingham, AL, 35203-3375",,Birmingham,AL,,United States," We provide our bankruptcy clients a fresh start regardless of their over whelming debts.
 7 years, 25 cases  Assist parties with the processing of contested and uncontested divorce.  Provide clients with obtaining certain marital assets while assisting clients with child support and child custody issues.
 7 years, 15 cases  Assist Veteran with VA disability rate appeals and assist veterans with rate increases.  Appeal veterans character of discharge when they've dishonorable discharges.
 7 years, 35 cases  Landlord tenant issues,  deed transfers, mortgage mods, foreclosures prevention and evictions.
 7 years, 10 cases  Probate and estate planning.  Will creation and POA.
 7 years, 2 cases",,